Date,Title,Article
13 hours ago,Reliance-BP 'bubble' delivers two deep water gas fields despite massive COVID-19 challenge,"New Delhi, May 23 (PTI) Just four months in a year are available for construction in Bay of Bengal. Even that window got complicated with constantly changing restrictions on movement of people and material across the globe because of the pandemic. But work bubbles for over 4,000 persons at peak of the project alongside navigating restrictions to source material and people globally helped deliver two deep sea gas fields."
,,Online Application & Low Processing Fees. EMI starts at Rs. 649*/lac. *T&C Apply
17 hours ago,"Nine of top-10 firms gain Rs 2.41 lakh cr in m-cap; HDFC Bank, RIL lead chart","New Delhi, May 23 (PTI) Nine of the 10 most valued companies together added Rs 2,41,177.27 crore in market valuation last week, in line with a strong broader market, with HDFC Bank and Reliance Industries topping the list."
3 days ago,India's gas output rises 23 pc as RIL-BP fields start production,"New Delhi, May 21 (PTI) India's natural gas production jumped 22.7 per cent in April after Reliance Industries Ltd and its partner BP Plc ramped up output from their eastern offshore KG-D6 block, government data released on Friday showed."
4 days ago,RIL entities seek NCLT nod for shareholders' meeting to approve Future Group deal,"New Delhi, May 20 (PTI) Reliance Retail and Reliance Fashion have approached the National Company Law Tribunal (NCLT) seeking its permission to hold meetings of their shareholders and creditors to consider and approve the proposed merger with Future Group's retail, logistics and warehousing business in a Rs 24,713 crore deal."
8 days ago,M-cap of eight most valued companies plummets over Rs 1.13 lakh crore,"New Delhi, May 16 (PTI) Eight of the top-10 most valued companies witnessed a combined erosion of Rs 1,13,074.57 crore in market valuation last week, with Tata Consultancy Services, Infosys and HDFC Bank emerging as the worst hit."
,,"Start a SIP. With SIPs, you can invest small amounts at regular intervals to get the benefit of rupee cost averaging. Click here to know more!"
9 days ago,Reliance brings back chatbot to assist investors on rights issue,"New Delhi, May 15 (PTI) Reliance Industries Ltd has once again launched an AI-enabled WhatsApp chatbot to address investor queries about the first call for payment of money relating to its Rs 53,125 crore rights issue."
11 days ago,"Intense bidding for KG-D6 gas in e-auction on DGH-approved platform; O2C, IOC bag supplies","New Delhi, May 13 (PTI) As many as 14 users across sectors slugged it on a third party electronic platform for seven-and-half hours to secure natural gas supplies from the eastern offshore KG-D6 block before the oil-to-chemical (O2C) unit of Reliance Industries Ltd bagged most of the supplies, sources said."
11 days ago,Business highlights,"New Delhi, May 13 (PTI) Following are the top business stories at 1930 hours:  DCM50 BIZ-FM-HOUSING SWAMIH Fund for stalled housing projs to benefit 1.16 lakh home buyers: Sitharaman New Delhi:  Finance Minister Nirmala Sitharaman on Thursday said the Special Window for Affordable and Mid-Income Housing (SWAMIH) Fund will benefit 1.16 lakh home loan borrowers whose housing projects were stalled due to last mile funding issues."
11 days ago,Intense bidding for KG-D6 gas in e-auction on DGH-approved platform,"New Delhi, May 13 (PTI) As many as 14 users across sectors slugged it on a third party electronic platform for seven-and-half hours to secure natural gas supplies from the eastern offshore KG-D6 block before the oil-to-chemical (O2C) unit of Reliance Industries Ltd bagged most of the supplies, sources said."
,,Secure your family with Max Life Term Insurance.
14 days ago,"Reliance, affiliates buy 3/4 of KG-D6 gas volumes","New Delhi, May 10 (PTI) Billionaire Mukesh Ambani's Reliance Industries Ltd and its affiliates have picked up more than three-fourths of the new gas volumes from the firm's eastern offshore KG-D6 block which at current government dictated price will cost it less than half of the imported rate, sources said."
15 days ago,"M-cap of eight of top-10 most-valued companies zooms by Rs 81,250.83 cr","New Delhi, May 9 (PTI) Eight of the top-10 most-valued companies together added Rs 81,250.83 crore in market valuation last week, with Tata Consultancy Services emerging as the biggest gainer."
22 days ago,M-cap of seven of top-10 most-valued companies jumps a whopping over Rs 1.62 lakh cr,"New Delhi, May 2 (PTI) Seven of the top-10 most-valued companies together added a whopping Rs 1,62,774.49 crore in market valuation last week, with major contribution coming in from Reliance Industries Ltd and Bajaj Finance."
23 days ago,"Reliance ramps up production of medical-grade oxygen to 1,000 tonnes a day","New Delhi, May 1 (PTI) Billionaire Mukesh Ambani's Reliance Industries Ltd has ramped up production of medical oxygen to 1,000 tonnes per day, making it India's largest producer of medical-grade liquid oxygen from a single location."
,,Get Cashless Benefits at more than 6000 hospitals across India with Bajaj Allianz Health Insurance.
24 days ago,"Reliance Jio Net Profit Jumps 47.5% to Rs 3,508 Crore in Q4; Adds 3.1 Crore Customers","The revenue from operations grew 19% year-on-year to Rs 18,278 crore for the quarter under review"
24 days ago,"Reliance Retail Q4 pre-tax profit up 41.5 pc to Rs 3,617 cr; revenue rises 20 pc to Rs 41,296 cr","New Delhi, Apr 30 (PTI) Reliance Retail on Friday reported a 41.45 per cent increase in pre-tax profit at Rs 3,617 crore for the fourth quarter ended March 31, 2021."
24 days ago,"Jio Adds 3.1 Crore Subscribers, 13.3GB Data Used by Each User Per Month in Q4FY21","Jio has, during the previous quarter, reported reduced churn rate of 1.26 percent, and has moved to bring Jio 5G closer to reality in the coming quarters."
24 days ago,"Reliance Industries Generates 75,000 Jobs in Covid-19 Pandemic Year","Reliance Industries posted a net profit of Rs 13,227 Rs crore for the quarter ended March 31, 2021"
,,Term Insurance Premium Increase with Age. Get cover up to the age of 90 with the option to increase sum assured by 25% every 5 yrs. Get Free Quote Now
24 days ago,Reliance enjoys petchem rebound but profit misses estimates,"India's Reliance Industries said on Friday its quarterly profit doubled, led by a rebound in its petrochemicals and retail businesses, but fell short of analysts' estimates as costs jumped 10%.  The oil-to-telecoms conglomerate, led by billionaire Mukesh Ambani, said consolidated profit climbed 108% to 132.27 billion rupees ($1.79 billion) in the three months to March 31.  Revenue at Reliance's oil-to-chemicals unit – home to both its refining and petrochemicals operations – rose 4.5% in the March quarter."
24 days ago,"Reliance Industries Q4 Results: Net Profit Doubles to Rs 13,227 Crore","The company posted a net profit of Rs 6,348 crore during the same period last year"
26 days ago,"Reliance Foundation to provide free COVID treatment at upcoming 1,000-bed facility in Jamnagar","New Delhi, Apr 28 (PTI) Reliance Foundation on Wednesday said it is setting up a 1,000-bed COVID-19 care facility with oxygen supply in Jamnagar, Gujarat where all services will be provided free of cost."
26 days ago,"Reliance, Saudi Aramco discuss cash and share stake deal: Report","New Delhi, Apr 28 (PTI) Billionaire Mukesh Ambani's Reliance Industries is reported to have held talks with Saudi Aramco on a cash and share deal for sale of a 20 per cent stake in its oil refining and petrochemical arm."
,,Tata AIG provides you with extensive yet simplified health insurance policies based on your requirements.
26 days ago,"Reliance Industries to set up 1,000-bed COVID-19 hospital in Gujarat's Jamnagar","Ahmedabad, Apr 28 (PTI) Reliance Industries Ltd (RIL) will set up a 1,000-bed COVID-19 hospital with oxygen facility at Jamnagar in Gujarat's Saurashtra region where it operates the world's largest crude oil refinery, with the 400-bed facility getting operational in the next five days, the state government said Wednesday."
2 months ago,India's richest man Ambani fined for irregularities in Reliance share issue,"India's market regulator fined Reliance Industries Chairman Mukesh Ambani and others 250 million rupees ($3.36 million) on Wednesday over irregularities in a two-decade-old share issue in the company.  Ambani, the country's richest man, his family members and some entities linked to them were penalised by the Securities and Exchange Board of India (SEBI) for not making regulatory disclosures when they collectively raised their shareholding in Reliance by nearly 7% by subscribing to the January 2000 issue.  Reliance Industries did not immediately respond to a request for comment."
2 months ago,Amazon calls on India not to alter e-commerce investment rules - sources,"Amazon asked the Indian government on Thursday not to change e-commerce foreign investment rules until investigations into its business practices had been concluded, two sources familiar with the discussions told Reuters.  The commerce ministry met e-commerce players after allegations by retailers, which are a crucial part of Prime Minister Narendra Modi's support base, that Amazon and Walmart's Flipkart create complex structures to bypass federal foreign investment rules and damage small traders.  New Delhi has been considering revising e-commerce foreign investment rules for weeks."
2 months ago,"Car bomb, corruption and COVID: 'Sordid' drama rocks India's finance capital","A senior Mumbai police officer filed a complaint in the Supreme Court on Monday accusing a state government minister of corruption, the latest development in a bizarre case that has transfixed the media for weeks.  Param Bir Singh, the former head of police in Mumbai, filed a petition seeking an ""unbiased, uninfluenced, impartial and fair investigation"" into corruption allegations against Anil Deshmukh, interior minister of Maharashtra state that is home to the city.  Deshmukh has denied impropriety."
,,"RUGGEDCOM Cybersecurity Solutions. Discover the right hardware, software & OT expertise to protect your critical infrastructure and achieve compliance"
2 months ago,"In India, Reliance Retail's private labels revolution spooks global consumer goods makers","Inside supermarkets of Reliance Retail, run by India's richest man, Mukesh Ambani, little-known food and home cleaning brands take pride of place on shelves alongside global labels owned by giants Nestle, Unilever and Coca-Cola.  These are not just a cheap and cheerful option for urban shoppers in Reliance's own expanding store network.  This is Ambani's bet on pitching brands that are basic, yet still aspirational at 'kiranas' - traditional mom-and-pop stores which serve roughly 80% of the retail market in world's second-most populous nation."
2 months ago,Indian shares end higher in volatile trade; Future Group firms slide,"Indian shares recovered from early losses to end higher on Friday in a volatile session, as a pullback in U.S. Treasury yields from 14-month highs brought back some risk appetite into the market, which has fallen nearly 2% this week.  U.S. bond yields on Friday edged off the 14-month highs reached the day before.  India's two main stock exchanges posted their first weekly decline in three on a fresh surge in domestic COVID-19 cases and rising U.S. bond yields."
2 months ago,Indian shares end lower as banks drag; Gland Pharma jumps 10% on vaccine deal,"Indian shares gave up early gains to close lower on Tuesday, dragged down by losses in financial stocks, while Gland Pharma jumped as much as 10% after it struck a deal to supply up to 252 million Sputnik V vaccine doses.  The NSE Nifty 50 index fell 0.1% to 14,910.45, while the S&P BSE Sensex ended flat at 50,363.96.  The Nifty and the Sensex had earlier risen as much as 0.8% and 0.9%, respectively."
3 months ago,Walmart's Flipkart expands grocery sales to more Indian cities,"Walmart-owned Flipkart will sell groceries online in more Indian cities, as it seeks to compete better with Amazon and Reliance in an e-commerce market that has grown rapidly during the COVID-19 pandemic.  Flipkart has already expanded online grocery sales to more than 50 Indian cities and intends to reach over 70 locations in the next six months, the company said in a statement on Tuesday.  ""Grocery continues to be one of the fastest-growing categories,"" said Manish Kumar, senior vice president at Flipkart, adding that the company had seen increased demand for the service from smaller cities in 2020."
,,Brilliant Car Cleaning Hacks Local Dealers Wish You Didn’t Know
3 months ago,"Reliance partners with Google, Facebook for digital payment network bid - ET","India's conglomerate Reliance Industries has partnered with Facebook Inc, Google and fintech player Infibeam to set up a national digital payment network, Economic Times newspaper reported on Saturday, citing unnamed sources.  Last year, India's central bank invited companies to forge new umbrella entities (NUEs) to create a payments network that would rival the system operated by the National Payments Council of India (NPCI), as it seeks to reduce concentration risks in the space."
3 months ago,Indian shares surge in glitch-ridden session as banks gain,"Indian shares closed sharply higher in a glitch-ridden, extended session on Wednesday, led by gains in financial stocks after private-sector lenders were allowed to carry out government transactions.  The NSE Nifty 50 index ended 1.86% higher at 14,982.00, while the S&P BSE Sensex rose 2.07% to 50,781.69.  The top three boosts to the Nifty 50 were financial and banking stocks, which surged in extended trading, pushing the Nifty private bank index higher by 3.9%."
3 months ago,"Indian shares end flat; Reliance gains, financials weigh","Indian shares ended nearly flat on Tuesday as gains in Reliance and commodity firms were offset by a selloff in financial stocks.  The NSE Nifty 50 index ended 0.22% higher at 14,707.70 and the S&P BSE Sensex closed 0.01% higher at 49,751.41.  Both the indexes snapped five sessions of losses to advance 1.2% during the session, before paring gains as investors sold private sector bank stocks."
3 months ago,India's Reliance sees oil-to-chemicals business spin off in September quarter,"Reliance, which operates the world's biggest refining complex, is in talks with Saudi Aramco  to sell a fifth of its O2C business.  ""Reorganization of O2C Business facilitates participation by strategic investors and marquee sector focused investors,"" the oil-to-telecom conglomerate said in a presentation to investors.  The new entity, Reliance O2C Ltd, will subsume Reliance's investment in oil refining, marketing and petrochemical business."
3 months ago,Supreme Court bars final tribunal ruling on Future's $3.4 billion deal,"India's Supreme Court barred on Monday a final ruling by a tribunal reviewing Future Group's $3.4 billion sale of retail assets until the top court hears objections from aggrieved partner Amazon.com Inc, three sources said.  The outcome of the tussle involving two of the world's richest men, Amazon's Jeff Bezos and Reliance's Mukesh Ambani, could reshape India's pandemic-hit shopping sector and decide if Amazon can blunt Reliance's dominance of retail."
3 months ago,Future Group creditors scramble to recover $2.5 billion loans amid Reliance deal woes - bankers,"Future Group's creditors are exploring options to recover more than $2.5 billion in loans, amid worries the Indian retailer's planned sale of assets to Reliance Industries could fail, four bankers with knowledge of the matter said.  Future may face liquidation if the deal, already mired in legal wrangling, falls through and banks are actively discussing an alternate one-time restructuring option that could include an easier repayment tenure and fresh capital infusion, the people said on condition of anonymity as the talks are private.  ""Without Reliance, there is no future for Future,"" one of the bankers at a major state-owned lender said."
3 months ago,"Indian tribunal blocks regulator's order on Future chief, company says","An Indian tribunal has blocked a regulatory order that this month barred Future Group Chief Executive Kishore Biyani from the securities markets for a year, over accusations of insider trading in 2017, a group company said on Tuesday.  Biyani is also embroiled in a legal battle with Amazon.com Inc over the sale of Future's retail assets to Reliance Industries.  ""Future Group promoters have been asked to deposit a sum of 110 million rupees as an interim measure,"" Future Corporate Resources said in a statement, adding that the tribunal had stayed the Securities and Exchange Board of India (SEBI) order."
3 months ago,India ONGC sees peak gas output from east coast block in 2024,"India, the world's fourth biggest importer of liquefied natural gas, wants to boost local gas output as Prime Minister Narendra has set a target to raise the share of the cleaner fuel in the country's energy mix to 15% by 2030 from the current 6%.  Most of the future gas production is expected from the Krishna Godavari basin, where ONGC and Reliance Industries operate blocks."
3 months ago,India's Future Group shares soar after court lifts hold on Reliance deal,"Shares in Future Group companies jumped nearly 10% on Tuesday, a day after an Indian court overturned an order that had stalled Future Group's $3.4 billion deal to sell its retail assets to conglomerate Reliance Industries Ltd.  The court's decision is the latest twist in the Future Group saga, coming after a New Delhi court last week sided with Future's partner Amazon.com Inc's challenge and put Future's asset sale to Reliance Industries on hold, which led to an appeal from the Indian retail group.  A two-judge bench hearing Future's appeal on Monday put on hold the New Delhi court's previous ruling, two sources familiar with the proceedings said."
3 months ago,Indian shares snap six-day rally as investors book gains in autos,"Indian shares snapped a six-day rally on Tuesday, as investors locked in gains in high-flying automotive stocks following news of lower vehicle sales in January.  The NSE Nifty 50 index ended 0.04% lower at 15,109.30, having hit a record high earlier in the session.  The S&P BSE Sensex also closed 0.04% lower at 51,329.08."
3 months ago,Delhi High Court lifts hold on Future's $3.4 billion retail deal in setback for Amazon,"An Indian court on Monday overturned an order that had stalled Future Group's $3.4 billion deal to sell its retail assets, two sources said, in a setback for Future's partner Amazon.com Inc, which has challenged the sale.  A New Delhi court last week sided with the U.S. online retailer and put Future's asset sale to Reliance Industries on hold, leading to an appeal from the Indian retail group.  A two-judge bench hearing Future's appeal on Monday put on hold the previous ruling, which had effectively stalled the mega retail deal, two sources familiar with the proceedings said."
4 months ago,Reliance's unit to sell Marcellus shale assets for $250 million,"Reliance Industries Ltd said on Thursday its unit will sell its interest in certain upstream assets in the Marcellus shale in the United States for $250 million in cash to Northern Oil and Gas Inc.  The assets, currently operated by various affiliates of EQT Corp, will be sold for the cash consideration and warrants, that will allow for the purchase of 3.25 million common shares of NOG at an exercise price of $14 per common share over the next seven years, Reliance said.  In 2017 Reliance sold a shale oil and gas block in the Marcellus shale in northeastern and central Pennsylvania for $126 million."
4 months ago,"Sensex, Nifty close at record highs as services sector picks up in January","Indian shares ended at record closing highs on Wednesday, extending a post-budget rally on gains in financial stocks after a survey showed that the country's dominant services sector picked up in January.  The NSE Nifty 50 index rose 0.97% to 14,789.95, while the benchmark S&P BSE Sensex was up 0.92% at 50,255.75.  Gains in lenders HDFC Bank and Axis Bank of 0.9% and 2.7% helped the Nifty Bank index end the day 1.4% higher."
4 months ago,India's Future likens Amazon's bid to stall retail deal to 'ruthless' Alexander the Great,"Amazon.com Inc's bid to stall Future Group's $3.4 billion retail assets sale is similar to Alexander the Great's ""ruthless ambition to scorch the earth"", the Indian group's CEO Kishore Biyani said in an internal staff memo seen by Reuters.  Amazon, locked in protracted legal disputes with Future, alleges the Indian firm violated contracts by agreeing to sell its retail assets to Reliance Industries last year."
4 months ago,Future Retail seeks tribunal OK for $3.4 billion asset sale deal; Amazon pushes to block,"India's Future Retail has approached a tribunal to seek a key approval for its $3.4 billion asset sale to Reliance Industries, its lawyer told a court on Thursday, even as partner Amazon tries to block the transaction.  Amazon is locked in bitter legal disputes with Future and alleges the Indian firm violated some of their pre-existing contracts by selling its retail assets to Reliance last year.  Future denies any wrongdoing."
4 months ago,"Sensex, Nifty end at near one-month low as banks, Reliance decline","Indian shares slid on Wednesday to end at a near one-month low, dragged by losses in bank stocks and Reliance Industries, while pre-budget jitters also weighed on sentiment.  The blue-chip NSE Nifty 50 index fell 1.91% to 13,967.5 and the benchmark S&P BSE Sensex closed 1.94% weaker at 47,409.93.  Reliance Industries fell as much as 2.7% and was among the top drags after U.S. e-commerce giant Amazon.com sought to block Future Group's $3.4 billion retail asset sale to the conglomerate."
4 months ago,"Amazon tries to block Future's retail asset sale, seeks CEO's detention - filing","Amazon.com Inc has requested an Indian court to block partner Future Group's $3.4 billion deal to sell its retail assets and called for the Indian group's CEO to be detained, a court filing seen by Reuters showed.  In the U.S. giant's latest effort to derail Future's asset sale to Reliance Industries, it asked the High Court in New Delhi to enforce the decision of a Singapore arbitrator, which Amazon and Future had agreed to use in case of disputes, the filing showed.  In October, the arbitrator issued an interim order saying Future's deal with Reliance should be put on hold."
4 months ago,Reliance Industries shares fall nearly 5% as COVID-19 hits oil business,"Shares of Reliance Industries Ltd fell as much as 4.7% in early trade on Monday after the Indian conglomerate posted a sharp drop in quarterly revenue from its dominant oil-to-chemicals business.  Reliance, which operates the world's largest refining complex, said on Friday revenue from its oil-to-chemicals division fell nearly 30% in the three months ended Dec. 31.  Total revenue slid 21% to 1.24 trillion rupees, and the company said its operations and revenue during the period were impacted by the COVID-19 pandemic."
4 months ago,Reliance beats profit estimates as cost controls blunt oil hit,"Reliance Industries Ltd's profit jumped in the final quarter of 2020 as it reined in spending, although the Indian conglomerate recorded a sharp fall in revenue from its dominant oil-to-chemicals business.  Reliance, led by billionaire Mukesh Ambani, said on Friday consolidated profit rose 12.6% to 131.01 billion rupees ($1.79 billion) in the three months ended Dec. 31.  Reliance has built leading consumer-facing businesses in recent years to diversify away from its mainstay energy arm, but a coronavirus-driven slump in fuel demand has weighed on the Mumbai-headquartered group's recent results."
4 months ago,Facebook's (FB) WhatsApp Might Embed JioMart Within 6 Months,"Facebook's (FB) WhatsApp messaging service might get integrated with Reliance Retail's e-commerce app JioMart over the next six months, expanding Facebook's presence in India."
5 months ago,Inda Ramps Up Deepwater Gas Production,Reliance Industries and BP have announced the start of production in Asia’s deepest offshore natural gas field
5 months ago,BP And Reliance Begin Production in Asia's Deepest Gas Field,"BP starts natural gas production with Reliance from R Cluster, the ultra-deep-water gas field, located off the east coast of India."
5 months ago,Mukesh Ambani on 3 lessons he learnt from Dhirubhai,"Self-belief, empathy and trust are the three important lessons of entrepreneurship that the RIL boss learnt from his father, Dhirubhai."
6 months ago,"Reliance says retail venture completes fundraising, rakes in $6.4 billion","India's Reliance Industries Ltd on Thursday said its retail arm had completed its fundraising exercise as more than half a dozen investors poured 472.65 billion rupees ($6.37 billion) into a 10.09% stake in the company in two months.  Reliance Retail Ventures Ltd (RRVL) began raising capital in September, with U.S.-based private equity firm Silver Lake Partners pumping 75 billion rupees for 1.6% of the venture.  The eight other investors in RRVL include Saudi Arabia's Public Investment Fund, private equity firm KKR & Co Inc, Abu Dhabi state fund Mubadala Investment Co and Abu Dhabi Investment Authority."
6 months ago,Reliance buys furniture retailer Urban Ladder,"Reliance Industries Ltd said on Sunday it has bought a 96% stake in online furniture retailer Urban Ladder for 1,821.2 million rupees ($24.4 million), furthering its attempt to expand its presence in India's online retail market.  The Indian conglomerate is expanding its so-called new commerce venture, which ties neighbourhood stores to Reliance for online deliveries of groceries, apparel and electronics in a space currently dominated by Walmart Inc's Flipkart and Amazon.com Inc's Indian arm.  The purchase ""will further enable the group’s digital and new commerce initiatives and widen the bouquet of consumer products provided by the group,"" Reliance said in a filing to exchanges on Sunday."
6 months ago,"Future says it communicated with Reliance on arbitration order for ""legitimate purpose""","India's Future Retail Ltd communicated with Reliance Industries on an arbitration order related to its dispute with Amazon.com Inc for a ""legitimate purpose"", the company said on Wednesday.  The comments come after Reuters earlier in the day reported Amazon had asked the Securities and Exchange Board of India (SEBI) to investigate Future for insider trading, alleging the Indian firm disclosed to Reliance price sensitive details of an injunction granted by a Singapore arbitrator to block its $3.4 billion deal with Reliance."
6 months ago,Exclusive: Amazon accuses India's Future of insider trading as it seeks to block Reliance deal,"Amazon.com Inc <AMZN.O> has asked India's market regulator to investigate Future Retail Ltd <FRTL.NS> for insider trading, a letter seen by Reuters showed, as it seeks to prevent its business partner from becoming part of rival Reliance's empire.  The U.S. giant has been pressing the Securities and Exchange Board of India (SEBI) to review Reliance's August deal to buy retail, logistics and other assets from Future Group for $3.4 billion (2.56 billion pounds) including debt.  Amazon argues it had a 2019 agreement with Future which prevented the Indian group's retail assets from being sold to certain parties including Reliance Industries Ltd <RELI.NS>, which is led by Asia's richest man, Mukesh Ambani."
6 months ago,Exclusive: Amazon accuses Future of insider trading as it seeks to block Reliance deal,"Amazon.com Inc has asked India's market regulator to investigate Future Retail Ltd for insider trading, a letter seen by Reuters showed, as it seeks to prevent its business partner from becoming part of rival Reliance's empire.  The U.S. giant has been pressing the Securities and Exchange Board of India (SEBI) to review Reliance's August deal to buy retail, logistics and other assets from Future Group for $3.4 billion including debt.  Amazon argues it had a 2019 agreement with Future which prevented the Indian group's retail assets from being sold to certain parties including Reliance Industries Ltd, which is led by Asia's richest man, Mukesh Ambani."
6 months ago,Reliance's deal talks with Saudi Aramco gaining momentum - ET Now,"Reliance Industries Ltd and Saudi Aramco are resuming talks over a 20% stake sale by the Indian conglomerate in its oil-to-chemical business after a brief pause due to COVID-19 pandemic, ET Now reported on Monday, citing sources.  Both the companies were committed to the deal and Aramco wants to do physical inspection of Reliance's assets in India, the report said.  Reliance's shares have been on a tear in 2020, rising more than 35% this year, as it raised billions of dollars from global investors for its digital and retail arms."
7 months ago,India's Future Retail challenges Amazon in court over Reliance deal,"Future Retail <FRTL.NS> has challenged its partner Amazon.com Inc in a New Delhi court to stop interfering in its $3.4 billion asset sale deal, the Indian company said in a statement on Saturday.  Amazon <AMZN.O> is locked in a bitter legal dispute with Future Group, which in August sold its retail assets to Mukesh Ambani-led Reliance Industries Ltd <RELI.NS>.  Amazon last month won an injunction to halt Future's deal with Reliance from a Singapore arbitrator both sides had agreed to use in case of disputes."
7 months ago,Future Retail challenges Amazon in court over Reliance deal,"Future Retail has challenged its partner Amazon.com Inc in a New Delhi court to stop interfering in its $3.4 billion asset sale deal, the Indian company said in a statement on Saturday.  Amazon is locked in a bitter legal dispute with Future Group, which in August sold its retail assets to Mukesh Ambani-led Reliance Industries Ltd. The deal breaches agreements made in 2019 by Future, according to the U.S. online retailer.  Amazon last month won an injunction to halt Future's deal with Reliance from a Singapore arbitrator both sides had agreed to use in case of disputes."
7 months ago,Another big pay cheque for Reliance Retail: Saudi Public Investment Fund to invest 9555cr,"Billionaire Mukesh Ambani-run Reliance Industries Ltd's retail arm on Thursday raised Rs 9,555 crore from Public Investment Fund (PIF) of Saudi Arabia, taking total fundraise in the last two months to Rs 47,265 crore."
7 months ago,"Sensex, Nifty close at over nine-month high on Reliance boost","Indian shares closed at their highest level since mid-January on Friday, boosted by gains in Reliance Industries after the country's most valuable company secured more funding for its retail business.  Reliance shares jumped 3.8% on Friday after the company secured a $1.3-billion investment in its retail business from Saudi Arabia's wealth fund, taking the total amount raised for Reliance Retail Ventures Ltd to more than $3 billion.  The latest investment also came after Amazon.com Inc last month won an injunction from a Singapore arbitrator to halt the sale of some Future Group assets to Reliance."
7 months ago,Saudi Arabia's wealth fund buys 2.04% stake in Reliance Retail Ventures,"Saudi Arabia's Public Investment Fund has bought a 2.04% stake in Reliance Retail Ventures Limited for about $1.3 billion, the sovereign wealth fund said on Thursday.  Reliance Retail Ventures (RRVL) is the retail arm of Reliance Industries', the Indian oil-to-telecoms conglomerate.  ""The investment in RRVL follows an earlier acquisition of a 2.32% stake in Jio Platforms, the digital services subsidiary of Reliance Industries,"" PIF said in a statement."
7 months ago,"Sensex, Nifty end higher as banks, financials offset Reliance weakness","Indian stocks ended higher on Monday, as gains in heavyweight bank and financial stocks on strong earnings boosted indexes and offset losses in Reliance Industries after the oil-to-telecoms conglomerate reported a quarterly profit dip.  The NSE Nifty 50 index closed up 0.23% at 11,669.15 and the S&P BSE Sensex ended 0.36% higher at 39,757.58."
7 months ago,Future Retail says Amazon dispute order not binding on company,"India's Future Retail Ltd (FRL) said on Sunday that a Singapore arbitrator's order in its dispute with Amazon.com Inc is not enforceable under Indian law and not binding on the company.  Amazon on Oct. 25 won an injunction from the arbitrator to halt FRL's deal to sell its retail assets to Reliance Industries for $3.4 billion, arguing the Indian retail group had violated certain pre-existing agreements it had with the U.S. e-commerce giant.  Both FRL and billionaire Mukesh Ambani's Reliance said in news releases later they wanted to press on with the deal without delays, setting the stage for a showdown between the Indian companies and Jeff Bezos-led Amazon."
7 months ago,India's Future Retail says Amazon dispute order not binding on company,"India's Future Retail Ltd (FRL) said on Sunday that a Singapore arbitrator's order in its dispute with Amazon.com Inc is not enforceable under Indian law and not binding on the company.  Amazon on Oct. 25 won an injunction from the arbitrator to halt FRL's deal to sell its retail assets to Reliance Industries for $3.4 billion, arguing the Indian retail group had violated certain pre-existing agreements it had with the U.S. e-commerce giant.  Both FRL and billionaire Mukesh Ambani's Reliance said in news releases later they wanted to press on with the deal without delays, setting the stage for a showdown between the Indian companies and Jeff Bezos-led Amazon."
7 months ago,Exclusive: Amazon tells India regulator its partner Future Retail is misleading public,"Amazon.com Inc <AMZN.O> has complained to India's market regulator that its local partner Future Retail Ltd <FRTL.NS> misled shareholders by incorrectly saying it was complying with its contractual obligations to the U.S. e-commerce giant, a letter seen by Reuters shows.  Amazon is locked in a bitter legal dispute with Future Group, which in August sold its retail assets to Mukesh Ambani-led Reliance Industries Ltd <RELI.NS> for $3.4 billion.  The deal, Amazon alleges, breaches 2019 agreements by Future."
7 months ago,Reliance profit slides as pandemic slams oil business,"Reliance Industries Ltd posted a 15% drop in September-quarter profit on Friday as the coronavirus crisis hammered its oil business, although the Indian conglomerate reaped double-digit revenue growth at its Jio telecom service.  Reliance, led by Asia's richest man Mukesh Ambani, has in recent years built massive retail and telecom businesses to tap into India's consumer boom and reduce its dependence on the energy sector.  Reliance, which operates the world's biggest refining complex, said consolidated profit slipped to 95.67 billion rupees ($1.29 billion) in the three months to Sept. 30, although it came in comfortably above analysts' average estimate of 85.48 billion rupees, Refinitiv data showed."
7 months ago,BSE to consult SEBI on Future-Reliance deal after Amazon objection - source,"The Bombay Stock Exchange (BSE) will consult the market regulator and seek clarifications from Future Retail <FRTL.NS> and Reliance Industries <RELI.NS> about their $3.4 billion transaction, following Amazon's objection to the deal, an exchange source said.  Amazon <AMZN.O> on Oct. 25 won an injunction from a Singapore arbitrator to halt Future's deal to sell retail assets to Reliance, arguing the Indian retailer group breached certain contract provisions it entered into last year in a separate deal with the U.S. firm.  Amazon has now written to capital markets regulator SEBI, as well as the BSE and the National Stock Exchange, to put the deal on hold in light of the arbitration order, two separate sources said."
7 months ago,"Exclusive: In fight with Amazon, India's Future Retail sees liquidation if Reliance deal fails","India's Future Retail Ltd (FRL) will go into liquidation if its deal to sell assets to Reliance Industries fails, the group told a Singapore arbitrator while arguing against Amazon.com Inc's bid to scupper the deal, a legal order seen by Reuters showed.  Amazon on Sunday won an injunction from a Singapore arbitrator to halt FRL's deal to sell assets to Reliance.  Amazon alleged FRL had breached certain contract provisions it entered into last year in a separate deal with the U.S. firm."
7 months ago,Reliance drags shares on arbitration setback; metal stocks fall,"Indian shares ended lower on Monday as Reliance Industries fell to its lowest since August after a Singapore arbitration panel put its deal for Future Group assets on hold, while metal and auto stocks also contributed to losses.  Reliance fell as much as 4.47% to its lowest level since Aug. 4, after Amazon.com Inc won an interim order in Singapore to pause Future Group's $3.38 billion asset sale to India's most valuable company.  Amazon has alleged the deal breached the terms of its stake purchase in Future Coupons Ltd, which owns a 7.3% stake in Future Retail."
7 months ago,Future Retail says examining order against Reliance deal,"Future Retail said on Monday it was examining an order by an arbitration panel to put on hold its $3.38 billion asset sale to Reliance Industries, and would take steps in enforcement proceedings to close the deal without delay.  Shares in Future Retail were down 3.2% by 0630 GMT, while Reliance's stock fell 2.4%, weighing on the broader Mumbai market.  Amazon.com Inc received an emergency order from a Singapore arbitration panel to halt the two Indian companies from proceeding with the deal until an arbitration tribunal is formed, a source with direct knowledge of the matter told Reuters."
7 months ago,India's Future Retail says examining order against Reliance deal,"Future Retail said on Monday it was examining an order by an arbitration panel to put on hold its $3.38 billion asset sale to Reliance Industries, and would take steps in enforcement proceedings to close the deal without delay.  Shares in Future Retail were down 3.2% by 0630 GMT, while Reliance's stock fell 2.4%, weighing on the broader Mumbai market.  Amazon.com Inc received an emergency order from a Singapore arbitration panel to halt the two Indian companies from proceeding with the deal until an arbitration tribunal is formed, a source with direct knowledge of the matter told Reuters."
7 months ago,Wall Street banks see rare payday bonanza in India despite pandemic,"Major Wall Street banks in India raked in their second-highest fee income since the global financial crisis in the first nine months of this year, benefitting from a flurry of private-sector deals despite the coronavirus pandemic.  India has seen a number of multi-billion dollar transactions in 2020 from oil-to-telecom conglomerate Reliance Industries' fundraising efforts <RELI.NS> to GlaxoSmithKline's <GSK.L> sale of its stake in Unilever's <ULVR.L> Indian business <HLL.NS>, the country's largest block trade.  It comes as India's economy shrank by nearly a quarter in April-June as the country became one of the worst hit by the coronavirus pandemic."
7 months ago,Reliance says India will fully shift to renewable energy in next few decades,"India will fully move away from fossil fuels to renewable energy in the next few decades, the chairman of Reliance Industries, operator of the world's biggest refining complex, said on Monday.  Reliance, which operates two giant refineries with a combined capacity of 1.4 million barrels per day in western India, aims to become a net zero carbon company by 2035."
8 months ago,Amazon moves against India's Future Group over Reliance deal,"India's Future Retail Ltd <FRTL.NS> shares fell 9% on Thursday after Amazon.com Inc sent a legal notice to Future Group, alleging the retailer's $3.38 billion asset sale to Reliance Industries breached an agreement with the e-commerce giant.  Amazon <AMZN.O>, Reliance <RELI.NS> and Walmart Inc's <WMT.N> Flipkart are in a race to gain market share in India's fast-growing online market for food and groceries, and analysts said Amazon's move was aimed at slowing down the Reliance-Future deal.  Amazon had last year bought a 49% stake in Future Coupons Ltd, which owns a 7.3% stake in Future Retail."
8 months ago,Amazon moves against Future Group over Reliance deal,"India's Future Retail Ltd shares fell 9% on Thursday after Amazon.com Inc sent a legal notice to Future Group, alleging the retailer's $3.38 billion asset sale to Reliance Industries breached an agreement with the e-commerce giant.  Amazon, Reliance and Walmart Inc's Flipkart are in a race to gain market share in India's fast-growing online market for food and groceries, and analysts said Amazon's move was aimed at slowing down the Reliance-Future deal.  Amazon had last year bought a 49% stake in Future Coupons Ltd, which owns a 7.3% stake in Future Retail."
8 months ago,Reliance buys Canadian heavy crude to offset Venezuelan decline: sources,"WINNIPEG, Manitoba/NEW DELHI (Reuters) - Reliance Industries has agreed to purchase 2 million barrels of Canadian heavy crude per month, three industry sources said, as a substitute for dwindling Venezuelan supply.  The deal, large for Canada, shows how global buyers are scrambling for new sources of heavy oil.  Venezuela's production has collapsed over the last several years, and U.S. sanctions have squeezed its ability to sell oil to international buyers, including Reliance."
8 months ago,"Sensex, Nifty close higher as HDFC Bank's gains offset energy, metals losses","Indian shares edged higher on Wednesday as losses in energy and metal stocks were outweighed by gains in HDFC Bank, after a positive commentary on a recovery in retail loans and growth outlook.  The broader NSE Nifty 50 index ended up 0.2% at 11,247.55 and the S&P BSE Sensex climbed 0.3% to 38,067.93.  Shares of HDFC Bank rose as much as 2.3% after the top private lender's managing director Aditya Puri said the bank was ""back to pre-COVID levels."""
8 months ago,"General Atlantic, Silver Lake co-investors buy stakes in Reliance's retail arm","India's Reliance Industries Ltd <RELI.NS> said on Wednesday private equity firm General Atlantic will invest 36.75 billion rupees ($498.31 million) for a 0.84% stake in its retail arm, while Silver Lake co-investors will also buy a stake.  The deals underscore growing investor interest in Reliance Retail, which is led by Asia's richest man Mukesh Ambani.  Reliance is seeking investors for its retail arm after raising more than $20 billion in recent months for its digital unit."
8 months ago,Exclusive: PDVSA's customers schedule last oil cargoes amid U.S.-imposed wind-down - sources,"A handful of long-term customers of Venezuela's PDVSA have begun winding down oil trade with the state-run company by scheduling the last cargoes to depart from the sanctioned country ahead of a U.S. deadline, five sources close to the decisions told Reuters.  The U.S. government has given the firms - which include Spain's Repsol, Italy's Eni, India's Reliance Industries and Thailand's Tipco Asphalt - deadlines ranging between October and November for ending exemptions to the sanctions allowing some companies still to receive Venezuelan oil, the sources said.  With U.S. elections looming in November, the Trump administration is seeking to raise the heat on Venezuelan President Nicolas Maduro, whose 2018 re-election was not recognized by most Western nations."
8 months ago,"Sensex, Nifty slide for fifth session as Airtel, TCS drag","Indian shares fell on Wednesday for a fifth straight session as surging coronavirus cases fuelled investor concerns, with Bharti Airtel driving losses after rival Jio stepped up competition with new postpaid plans, while Tata Consultancy Services slid over 2%.  Shares of telecom operator Bharti Airtel Ltd fell as much as 10% to their lowest since April 3, after rival Jio, the telecom unit of Reliance Industries, rolled out new postpaid plans on Tuesday bundled with video-streaming services.  TCS fell as much as 4.5% after, Shapoorji Pallonji (SP) group, the largest minority shareholder in Tata Group, said on Tuesday it wanted to separate interests from the autos-to-steel conglomerate."
8 months ago,KKR to invest $755 million in retail arm of Reliance,"Private equity firm KKR & Co Inc will invest $755 million in the retail unit of Reliance Industries Ltd, the Indian conglomerate said on Wednesday, bringing the total funding in Reliance Retail to $1.78 billion within a month.  Reliance Industries, controlled by Asia's richest man Mukesh Ambani, is lining up investors in its retail unit after the conglomerate raised just over $20 billion this year from global investors, including Facebook Inc, by selling stakes in its Jio Platforms digital business."
8 months ago,Focus on Amazon's Reliance Offer: Indian Retail Game Levels Up,"Amazon (AMZN) gets an offer to acquire 40% stake in Reliance Retail, which is likely to intensify competition for other overseas players like Walmart, eBay and Facebook."
8 months ago,Reliance approaches digital unit backers to invest in retail arm: sources,"India's Reliance Industries Ltd <RELI.NS> has approached investors in its digital business about potentially buying stakes in its retail arm, two sources with direct knowledge of the matter said on Thursday.  The oil-to-telecoms conglomerate is looking to attract more investors to Reliance Retail as the business expands rapidly online to take on the likes of Walmart Inc's <WMT.N> Flipkart and Amazon.com Inc's <AMZN.O> Indian arm.  Earlier this year, Reliance, controlled by Asia's richest man Mukesh Ambani, sold nearly 33% of its Jio Platforms digital business, netting more than $20 billion from companies including Facebook <FB.O>, Alphabet's <GOOGL.O> Google, KKR & Co <KKR.N> and Silver Lake Partners."
8 months ago,Silver Lake to invest $1 billion in retail arm of India's Reliance,"Reliance Industries Ltd said on Wednesday U.S. private equity firm Silver Lake Partners will invest $1.02 billion in its retail business, helping the Mukesh Ambani-controlled company widen its lead as India's biggest retailer.  The move also sets the stage for a three-way battle between Asia's richest man, Jeff Bezos' Amazon.com Inc and Walmart Inc's Flipkart to rope in the Indian middle class customer, many of whom are newly adopting online purchases of food and groceries due to the COVID-19 pandemic.  In May, Reliance launched online grocery service JioMart."
9 months ago,Silver Lake in talks to take $1 billion stake in Reliance Retail - FT,"The investment, which would value Reliance Retail at about $57 billion, comes as the company is aiming to sell about 10% in new shares, the report added.  Silver Lake declined to comment on the report, while Reliance could not immediately be reached outside of normal business hours.  Reliance, an oil-to-telecoms conglomerate controlled by India's richest man, Mukesh Ambani, is pitching its retail business as a formidable force in the world's second most populous country, expanding rapidly to woo potential investors."
9 months ago,Reliance Future-proofs retail arm as it seeks to woo investors,"Reliance Industries' $3.38 billion deal to acquire Future Group's retail business pitches the conglomerate as an even more formidable force in India, making its retail arm more attractive to the potential investors it seeks to woo.  The oil-to-telecoms group controlled by India's richest man, Mukesh Ambani, announced late on Saturday that it will acquire Future Group's retail and wholesale business as well as its logistics and warehousing operations.  The acquisition of Future Group's 2,000 retail stores and Big Bazaar grocery chain will help Reliance, which sells everything from groceries to electronics through 11,000-plus stores, to broaden its extensive reach across the country."
9 months ago,"Nifty, Sensex end lower after China border tensions; banks weigh","Indian shares closed lower on Monday, snapping a streak of six straight sessions of gains, as a fresh border flare-up between India and China outweighed initial optimism from further opening of the economy.  The NSE Nifty 50 index closed down 2.23% at 11,387.50, while the S&P BSE Sensex ended 2.13% lower at 38,628.29.  India foiled an attempt by Chinese troops to encroach over the countries' disputed and ill-defined border in the western Himalayas, in a fresh flare-up of tensions that have been running high for several months."
9 months ago,Reliance to buy Future Group's retail arm for $3.38 billion,"Mukesh Ambani-led Reliance Industries said on Saturday it has agreed to acquire the retail and wholesale business and the logistics and warehousing business of Future Group in a deal valued at $3.38 billion, including debt.  Like many other store chain owners, Future Group's business has been hit by a slowing economy and the impact of the coronavirus pandemic.  Cash-rich Reliance recently attracted investments worth close to $20 billion from backers including Google and Facebook Inc, while it sets out to make a big foray into India's largely unorganised retail sector."
9 months ago,Future Enterprises to seal Reliance Retail deal on Saturday - ET,"India's Future Enterprises Ltd is all set to finalise the sale of the group's retail business to Mukesh Ambani-led Reliance Industries Ltd's retail arm on Saturday, The Economic Times said.  Citing two sources familiar with the matter, The Economic Times said on Friday that Reliance will take on Future Group's debt and liabilities and pick up a minority stake in its consumer arm.  Owned by India's ""father of modern retailing"", Kishore Biyani, Future Group is home to supermarket chain Big Bazaar, upmarket food stores Foodhall, and bargain clothing chain Brand Factory."
9 months ago,Reliance hires Indian Oil ex-chairman to lead oil-to-chemical business,"India's Reliance Industries Ltd <RELI.NS> has appointed Sanjiv Singh, former chairman of refiner and fuel retailer Indian Oil Corp. <IOC.NS>, as group president and member of its oil-to-chemicals (O2C) business leadership team, according to an internal announcement.  Singh, who retired from IOC on June 30, will lead and drive the group's manufacturing services which are considered the backbone of RIL's oil-to-chemicals business, RIL Executive Director Hital R Meswani said in the announcement."
9 months ago,"Sensex, Nifty settle higher, banks, Reliance support gains","Indian shares closed higher for a third consecutive session on Wednesday, as financial stocks gained and heavyweight Reliance Industries Ltd rose after taking a majority stake in licensed e-pharma portal Netmeds.  The NSE Nifty 50 index closed 0.2% up at 11,408.40, highest since Feb. 27, and the S&P BSE Sensex closed 0.22% up at 38,614.79, highest since March 3.  In Mumbai trading, Reliance Industries Ltd closed up 0.87% and was among the top boosts on both indexes after it bought a majority stake in Netmeds for $83 million."
9 months ago,Reliance buys majority stake in online pharmacy Netmeds for $83 million,"India's Reliance Industries Ltd has bought a majority stake in online pharmacy Netmeds for 6.2 billion rupees ($83 million), facing up to Amazon.com in the competition for the country's fast-expanding online drug market.  The deal will give the oil-to-telecoms conglomerate a 60% stake in Netmeds, which sells both over-the-counter medication and more than 70,000 prescriptions drugs, Reliance said https://www.bseindia.com/xml-data/corpfiling/AttachLive/cd4afca2-0bb5-4744-8ccb-f37a05fa65f2.pdf late on Tuesday.  It also follows Amazon's move last week to start online drug sales in Bengaluru, and comes amid intensifying competition in India's e-commerce sector, which also includes Walmart's Flipkart and a range of smaller players."
9 months ago,"Reliance in talks to buy online furniture retail, milk delivery startups - report","Reliance Industries Ltd is in talks to buy online furniture retailer Urban Ladder and milk delivery firm Milkbasket to strengthen its e-commerce business, the Times of India newspaper reported on Monday.  The oil-to-telecoms conglomerate's talks with Urban Ladder are at an advanced stage, the report said, citing four unnamed sources briefed on the matter.  Representatives at Reliance and Urban Ladder did not immediately respond to requests for comment."
9 months ago,ByteDance in talks with India's Reliance for investment in TikTok  - TechCrunch,"Reliance, ByteDance and TikTok did not immediately respond to Reuters requests for comment.  The Indian government in June banned 59 Chinese apps, including TikTok and WeChat, for threatening its ""sovereignty and integrity"" after border tensions with China."
9 months ago,"Top 14 finance stories of the day, August 11, 2020","Read more Tata Tiago diesel, Zest diesel AMT recalled Tata Motors has issued a recall for select variants of the diesel Tiago and the Zest AMT."
10 months ago,This Amazon Rival Is Scaling Up at an Alarming Pace,"It's been just over seven months since Amazon's (NASDAQ: AMZN) rival in India -- the Reliance Retail-owned JioMart -- started its services in India.  The homegrown online grocery retailer had conducted a pilot run in limited locations in January this year before spreading its network to 200 cities in the country in the space of just four months.  After initial hiccups, JioMart finally seems to be finding its feet in India's e-commerce space."
10 months ago,"Reliance's revenue sinks on oil hit, profit up on BP deal gain","Reliance Industries Ltd's <RELI.NS> June-quarter profit rose as the Indian conglomerate booked a one-time gain from a BP <BP.L> investment, although revenue tumbled as the coronavirus crisis slammed its refining and petrochemicals businesses.  Reliance, led by Asia's richest man Mukesh Ambani, has in recent years built large telecom and retail businesses as it taps into India's consumer boom, but the company's energy units still make up the bulk of its business.  ""The severe demand destruction due to global lockdowns impacted our hydrocarbons business,"" Reliance Chairman Ambani said in a statement on Thursday."
10 months ago,Reliance to pay up to $3.6 billion for Future Group retail business - Mint,"Mukesh Ambani's Reliance Industries Ltd will pay between 240 billion and 270 billion rupees ($3.2-$3.6 billion) to buy the Indian retail chains owned by Future Group, Mint newspaper reported on Tuesday, citing two sources familiar with details of the deal.  Asia's richest man, Ambani has been buoyed by investments close to $20 billion from backers including Google and Facebook in his oil-to-telecoms conglomerate, and is seeking to strengthen his hand in India's huge retail sector.  Owned by India's ""father of modern retailing"", Kishore Biyani, Future Group is home to supermarket chain Big Bazaar, upmarket food stores Foodhall, and bargain clothing chain Brand Factory."
10 months ago,Future Retail up 5% after report says Reliance nears deal with parent,"Shares of India's Future Retail Ltd jumped almost 5% on Monday after a report cited that oil-to-telecoms conglomerate Reliance Industries Ltd, led by Asia's richest man Mukesh Ambani, is close to acquiring Future Group's retail unit.  Reliance and Future Group did not immediately respond to a Reuters request for comment.  Shares of Future Retail rose as much as 5% to 100.20 rupees, hitting a so-called upper circuit, and were trading up 4.6% by 0455 GMT."
10 months ago,"Top 20 finance news of the day, 23 July, 2020","The market cap of Reliance Industries Limited (RIL) on Thursday rose to Rs 13 lakh crore, making it the first Indian company to achieve the feat.  The company has gained a market cap of Rs 2 lakh crore over the last month."
10 months ago,Amazon in Talks to Buy a Nearly 10% Stake in India’s Reliance Retail,Reports of the negotiations have come out on the heels of Walmart's latest move to challenge the e-commerce giant as a supplier of India's small-business market.
10 months ago,Amazon in talks to buy 9.9% stake in Reliance retail arm - ET Now,"Amazon.com Inc is in talks to buy a 9.9% stake in the retail arm of Indian conglomerate Reliance Industries Ltd, ET Now reported on Thursday, citing sources.  Amazon wants a preferred, strategic stake in Reliance Retail for JioMart, according to tweets by the television channel.  JioMart, the e-commerce venture of Reliance's retail arm, was launched in May and poses a formidable challenge to Amazon.com's local unit and Walmart Inc's Flipkart."
10 months ago,Reliance-Google smartphone deal in India threatens Chinese firms,"A $4.5 billion deal under which Alphabet's <GOOGL.O> Google will collaborate with India's Reliance Industries <RELI.NS> on a new smartphone likely heralds a big shake-up for the world's second-largest mobile market, industry executives and analysts say.  Reliance boss Mukesh Ambani, announcing the partnership at his company's annual meeting last week, said Google would build an Android operating system (OS) to power a low-cost ""4G or even 5G"" smartphone that Reliance would design.  The new phone is set to pose a major challenge to Chinese vendors such as Xiaomi <1810.HK> and BBK Electronics, owner of the Realme, Oppo and Vivo brands, which currently dominate a $2 billion market for sub-$100 smartphones in India."
10 months ago,Reliance to shut crude unit for maintenance,"Reliance Industries, operator of the world's biggest refining complex in western Gujarat, will shut one of its crude refining units at its export-focused plant in the fourth week of July for 3-4 weeks of maintenance.  Other Refinery units are expected to operate normally during this period, the company said in a statement.  Reliance has two equal-size crude distillation units at the 704,000 barrel per day (bpd) export-focused refinery."
10 months ago,"Reliance's stake sale talks with Aramco stall over price, sources say","Talks over the sale of a 20% stake in Reliance Industries Ltd's oil-to-chemical business to Saudi Aramco have stalled over price, four sources familiar with the matter said.  With the energy market hit by falling demand for crude due to COVID-19, Aramco wants the Indian conglomerate to review the $15 billion it agreed to sell the stake for last year, the sources told Reuters.  ""Aramco has told Reliance that refining margins are terrible and are expected to remain subdued in Q3 at least, so they can't pay the price they have agreed pre-COVID,"" one of the sources said."
10 months ago,Reliance's $15 billion stake sale deal with Aramco delayed,"Reliance Industries' plans to sell 20% stake in its oil-to-chemical business to Saudi Aramco is delayed, chairman of the Indian conglomerate said on Wednesday.  Reliance, operator of the world's biggest refining complex, last year announced a $15 billion (11.8 billion pounds) deal with the world's top oil exporter Aramco as part of the Indian company's efforts to cut its debts.  ""Due to unforeseen circumstances in the energy market and the Covid-19 situation, the deal (with Saudi Aramco) has not progressed as per the original timeline,"" Mukesh Ambani told shareholders on Wednesday."
10 months ago,Google backs Reliance's Jio Platforms with $4.5 billion India investment,"Alphabet Inc's Google will invest $4.5 billion in Reliance Industries' digital unit, the Indian group said on Wednesday as it laid out an ambitious roadmap for its businesses ranging from entertainment to retail.  Google will get a 7.7% stake in Jio Platforms - the unit which houses Reliance's music, movie apps and telecoms venture - Reliance chairman Mukesh Ambani told the group's annual shareholder meeting, keeping up the tradition of making big announcements at the event.  Reliance, India's most highly-valued company controlled by billionaire Ambani, has now sold nearly 33% of Jio Platforms raising 1.52 trillion rupees ($20.22 billion) since late April with Facebook buying a 9.99% stake for $5.7 billion."
10 months ago,Google in talks to invest $4 billion in Reliance's digital arm: Bloomberg,"Alphabet Inc's Google is in advanced talks to invest $4 billion for a stake in the digital arm of Indian conglomerate Reliance Industries Ltd, Bloomberg reported on Tuesday, citing people familiar with the matter.  Google declined to comment, while Reliance did not immediately respond to a request for comment.  The funding spree, which began late April, and a share sale by Reliance have helped make India's biggest company by market value net-debt free."
10 months ago,"Google in talks to invest $4 billion in Reliance's digital arm, Bloomberg reports","Alphabet Inc's Google is in advanced talks to invest $4 billion for a stake in the digital arm of Indian conglomerate Reliance Industries Ltd, Bloomberg reported on Tuesday, citing people familiar with the matter.  Google declined to comment, while Reliance did not immediately respond to a request for comment.  The funding spree, which began late April, and a share sale by Reliance have helped make India's biggest company by market value net-debt free."
10 months ago,Reliance's digital unit wins Qualcomm backing in boost to 5G plans,"India's Reliance Industries said on Sunday Qualcomm Inc's investment arm will buy a 0.15% stake in its digital unit Jio Platforms for 7.3 billion rupees ($97.1 million).  The partnership will help Jio Platforms, the unit that houses Reliance's telecoms venture Jio Infocomm, to ""roll out advanced 5G infrastructure and services for Indian customers"", Reliance said in a statement.  Qualcomm's move comes at a time India is preparing to auction 5G airwaves to telecoms service providers."
10 months ago,BP pays India's Reliance $1 billion to set up petrol station venture,"BP has paid Reliance Industries $1 billion (792 million pounds) to set up a joint network of thousands of petrol stations across India to tap the country's rapidly growing energy demand.  BP will hold 49% and Reliance the remaining 51% in the new company called Jio-bp, which will expand Reliance's current 1,400 retail sites up to 5,500 over the next five years, the pair said in a statement on Thursday after announcing the venture last August.  The plan comes as billionaire Mukesh Ambani, the owner of Reliance, which operates the world's biggest refining complex in Jamnagar, is currently in talks with oil group Saudi Arabia's Aramco to sell a 20% stake in the oil to chemical conglomerate."
10 months ago,BP pays Reliance $1 billion to set up petrol station venture,"BP <BP.L> has paid Reliance Industries <RELI.NS> $1 billion to set up a joint network of thousands of petrol stations across India to tap the country's rapidly growing energy demand.  BP will hold 49% and Reliance the remaining 51% in the new company called Jio-bp, which will expand Reliance's current 1,400 retail sites up to 5,500 over the next five years, the pair said in a statement on Thursday after announcing the venture last August.  The plan comes as billionaire Mukesh Ambani, the owner of Reliance, which operates the world's biggest refining complex in Jamnagar, is currently in talks with oil group Saudi Arabia's Aramco to sell a 20% stake in the oil to chemical conglomerate."
11 months ago,Intel to invest $255 million in Reliance's digital unit Jio Platforms,"Intel Corp's investment arm will pay some $255 million for a small stake in Reliance Industries Ltd's digital unit Jio Platforms, the latest in a slew of share sales that have helped the Indian conglomerate pay down debt.  Reliance has now sold just over a quarter of Jio Platforms,  the unit that houses its telecoms venture Jio Infocomm and its music and movie apps, raising $15.8 billion from investors including Facebook Inc and KKR & Co.  The deals highlight Jio Platforms' potential to become the dominant player in India's digital economy."
11 months ago,Is Reliance really net debt-free? Maybe not,"RIL hit market capitalization of $150 billion, 60th most valued company in the world."
11 months ago,"Nifty, Sensex snap winning streak on profit-booking in banks","Indian shares snapped four straight sessions of gains on Wednesday, as investors booked profits in banking stocks amid fears of a rise in loan defaults due to the COVID-19 pandemic.  The markets opened higher but reversed their course around midday as the focus turned to record levels of coronavirus infections in several U.S. states, spurring concerns about the pace of a nascent economic recovery.  It has risen 11% so far this month, driven by strong March-quarter earnings and a flood of liquidity from global investors."
11 months ago,"Reliance is 'net-debt free', on road to IPO for digital, retail units","India's Reliance Industries Ltd said on Friday it has become net-debt free after raising 1.69 trillion rupees ($22.2 billion) via stake sales in its digital unit and a share sale over the past two months.  It has since sold 24.7% of Jio Platforms to global investors including General Atlantic, KKR, Saudi sovereign wealth fund and Abu Dhabi state fund, raising a total of $15.22 billion.  Strong investor interest in Reliance's consumer businesses, Jio Platforms and Reliance Retail, will help the two units move toward a public listing in the next five years, company chairman and billionaire tycoon Mukesh Ambani said in a statement."
11 months ago,Reliance says Saudi's PIF to invest $1.49 billion in Jio,"Saudi Arabia's Public Investment Fund (PIF) will buy a 2.32% stake in Reliance Industries' digital unit Jio Platforms for 113.67 billion rupees ($1.49 billion), the Indian conglomerate said on Thursday.  The deal with the Saudi sovereign wealth fund means Reliance has now sold 24.7% of Jio Platforms and raised just over $15 billion from investors including Facebook.  The investment gives Jio Platforms -- which comprises telecoms venture Jio Infocomm and music, movie apps -- an enterprise value of 5.16 trillion rupees, Reliance said in a statement."
11 months ago,Exclusive: Netflix in talks to source Indian content from Reliance affiliate Viacom18 - sources,"U.S. video streaming company Netflix <NFLX.O> is in talks with Viacom18, part of the Indian conglomerate Reliance Industries' media unit Network18, about a multi-year partnership to source content, three sources told Reuters, in a move that would expand a relationship between the two sides.  Under the partnership, Network18 affiliates - which include  its joint venture with ViacomCBS <VIACA.O>, Viacom18 - would  create shows for Netflix to help the U.S. firm expand offerings in India, where it competes against the video streaming services of Amazon.com Inc <AMZN.O> and Walt Disney Co <DIS.N>.  A Netflix spokesman in India denied the company was in talks with Network18 or Viacom18, but did not elaborate."
11 months ago,"Indian stocks fall 1% as banks, Reliance drag","Indian shares closed lower on Tuesday, ending a 13% surge over the last nine sessions, as banks and heavyweight Reliance Industries weighed, with a broader rally on hopes of a quicker global economic recovery coming to a halt.  The Nifty Pharma Index was the best performer for the day, closing 1.8% higher."
11 months ago,"Sensex, Nifty end higher on technology gains","Since May 25, the NSE Nifty 50 index and S&P BSE Sensex have surged more than 11% each on hopes of Asia's third largest economy relaxing its months-long lockdown.  Gains in technology shares helped the Nifty end 0.25% higher at 10,167.45, while the Sensex gained 0.24% at 34,370.58."
last year,Reliance says Abu Dhabi Investment Authority invests $752 million in digital unit,"Indian oil-to-telecoms conglomerate Reliance Industries said on Sunday that the Abu Dhabi Investment Authority (ADIA) will buy 1.16% of its digital unit Jio Platforms for 56.83 billion rupees ($752 million).  ADIA's investment in Jio Platforms, which comprises Reliance's telecoms arm Jio Infocomm and its music and video streaming apps, gives the unit an enterprise value of 5.16 trillion rupees, Reliance said in a regulatory filing.  Reliance, controlled by India's richest man Mukesh Ambani, has now sold just over 21% of Jio Platforms to investors including Facebook Inc, securing nearly $13 billion in less than seven weeks."
last year,Don't miss the top 12 finance stories of the day,"India's forex reserves surge to all-time high of $ 493.48 billion, says RBI."
last year,"Sensex, Nifty end higher as financials gain; SBI surges 8%","Indian shares closed higher on Friday, led by gains in financials, with the State Bank of India surging 8% after reporting a more than four-fold jump in its profit for the March quarter.  The Nifty ended 1.13% higher at 10,142.15, while the Sensex closed at 34,287.24, a gain of 0.90%.  For the week, the Nifty 50 rose 5.9% and the BSE Sensex 5.75%, with both the indexes recording their second straight weekly gain."
last year,"Reliance Industries closes $7 billion rights issue, India's largest ever","India's oil-to-telecoms giant Reliance Industries on Wednesday closed a $7 billion rights issue, India's largest ever, luring buyers in with a rare deferred payment offer.  Proceeds from the issue, also ranked as one of the world's biggest by a non-financial company based on Dealogic data, will aid Reliance's plan to slash net debt to zero this year.  The issue was subscribed about 1.6 times, in ""a vote of confidence, by both domestic investors, foreign investors and small retail shareholders, in the intrinsic strength of the Indian economy"", billionaire owner Mukesh Ambani said a statement late on Wednesday."
last year,"Amid pandemic, investors bet on India's Jio and its giant-killer playbook","From its Silicon Valley-like campus near Mumbai, Indian billionaire Mukesh Ambani's Jio telecom carrier is emerging as a winner from changes in the way Indian consumers plug into a digital economy made more urgent by the coronavirus pandemic.  For Indian shoppers who prefer to order online, it is launching a grocery ordering service with Facebook Inc's <FB.O> popular WhatsApp messaging.  India's 10-week lockdown has also led to a surge in demand for data, boosting Jio's phone and broadband offerings."
last year,Abu Dhabi's Mubadala in talks on $1 billion stake in Reliance's Jio Platforms - sources,"Abu Dhabi state fund Mubadala is in talks with Reliance Industries about investing around $1 in the Indian conglomerate's Jio platforms, three sources told Reuters.  Twitter is separately also in talks with Mumbai-based Reliance to invest more than $1 billion in the digital start-up, which houses music and movie apps as well its telecoms venture Jio Infocomm, another source added on Thursday.  ""Clearly Jio's platform is attracting a wide range of world-class investors, given its enormous potential to serve one of the world's largest marketplaces,"" Mubadala said in an email, without confirming whether or not talks were taking place."
last year,"India's Reliance launches JioMart online grocery service, challenging Amazon, Flipkart","Reliance Industries Ltd <RELI.NS> has launched an online grocery service, JioMart, the head of its grocery retail business said, in a move aimed at rivalling Amazon.com's <AMZN.O> local unit and Walmart Inc's <WMT.N> Flipkart in the huge Indian market.  JioMart will deliver groceries in more than 200 towns across the country, Damodar Mall, chief executive of grocery retail at the Indian conglomerate, said on Twitter late on Saturday.  Mumbai-headquartered Reliance has not announced JioMart's launch at a time it is selling $7 billion (5.75 billion pounds) in new shares."
last year,"Reliance launches JioMart online grocery service, challenging Amazon, Flipkart","Reliance Industries Ltd has launched an online grocery service, JioMart, the head of its grocery retail business said, in a move aimed at rivalling Amazon.com's local unit and Walmart Inc's Flipkart in the huge Indian market.  JioMart will deliver groceries in more than 200 towns across the country, Damodar Mall, chief executive of grocery retail at the Indian conglomerate, said on Twitter late on Saturday.  Mumbai-headquartered Reliance has not announced JioMart's launch at a time it is selling $7 billion in new shares."
