Title,Date,Article
Titan International (TWI) Hits Fresh High: Is There Still Room to Run?,last month,"Titan International (TWI) is at a 52-week high, but can investors hope for more gains in the future? We take a look at the company's fundamentals for clues."
,,"Quick and Easy Processing, Easy Documentation at Attractive Interest Rates. *T&C apply."
4 Top Stocks to Watch in a Prospering Farm Equipment Industry,last month,4 Top Stocks to Watch in a Prospering Farm Equipment Industry
Here's Why Momentum Investors Will Love Titan International (TWI),last month,Does Titan International (TWI) have what it takes to be a top stock pick for momentum investors? Let's find out.
Why Titan International (TWI) Might be Well Poised for a Surge,2 months ago,"Titan International (TWI) shares have started gaining and might continue moving higher in the near term, as indicated by solid earnings estimate revisions."
Titan International (TWI) Stock Jumps 6%: Will It Continue to Soar?,2 months ago,Titan International (TWI) saw its shares surge in the last session with trading volume being higher than average. The latest trend in earnings estimate revisions could translate into further price increase in the near term.
,,"Start a SIP. With SIPs, you can invest small amounts at regular intervals to get the benefit of rupee cost averaging. Click here to know more!"
"Titan International (TWI) Reports Q4 Loss, Tops Revenue Estimates",3 months ago,"Titan International (TWI) delivered earnings and revenue surprises of 54.55% and 8.66%, respectively, for the quarter ended December 2020. Do the numbers hold clues to what lies ahead for the stock?"
"Titan International (TWI) Reports Q3 Loss, Tops Revenue Estimates",7 months ago,"Titan International (TWI) delivered earnings and revenue surprises of 16.67% and 3.35%, respectively, for the quarter ended September 2020. Do the numbers hold clues to what lies ahead for the stock?"
Will Titan International (TWI) Report Negative Q3 Earnings? What You Should Know,7 months ago,Titan International (TWI) doesn't possess the right combination of the two key ingredients for a likely earnings beat in its upcoming report. Get prepared with the key expectations.
Sonoco (SON) Hikes Prices for Corrugating Medium Grades,7 months ago,Sonoco (SON) is implementing price-increase actions in response to the evolving market demand and extended order backlogs.
,,"Homes of 3BHK+study and 4BHK, with sizes ranging from 2296 SFT to 3710 SFT"
Grainger (GWW) Hits 52-Week High: What's Driving the Upside?,8 months ago,Surge in pandemic-related product sales as well as rise in e-commerce sales are contributing to the run-up in Grainger's (GWW) shares.
Caterpillar (CAT) Inks Deal to Buy Weir Oil & Gas for $405M,8 months ago,The latest acquisition will aid Caterpillar (CAT) to expand its offerings in the oil & gas market.
"Apogee (APOG) to Resume Share-Buyback Program, Reduce Costs",8 months ago,"Apogee (APOG) will resume share-buyback program, and intends to reduce the SG&A costs and improve productivity."
"Titan (TWI): Strong Industry, Solid Earnings Estimate Revisions",8 months ago,"Titan (TWI) has seen solid earnings estimate revision activity over the past month, and belongs to a strong industry as well."
,,Get Cashless Benefits at more than 6000 hospitals across India with Bajaj Allianz Health Insurance.
"Titan International (TWI) Reports Q2 Loss, Tops Revenue Estimates",10 months ago,"Titan International (TWI) delivered earnings and revenue surprises of 52.78% and 3.87%, respectively, for the quarter ended June 2020. Do the numbers hold clues to what lies ahead for the stock?"
Earnings Preview: Titan International (TWI) Q2 Earnings Expected to Decline,10 months ago,Titan International (TWI) doesn't possess the right combination of the two key ingredients for a likely earnings beat in its upcoming report. Get prepared with the key expectations.
Titan (TWI) Looks Good: Stock Adds 8.2% in Session,11 months ago,"Titan (TWI) saw a big move last session, as its shares jumped more than 8% on the day, amid huge volumes."
Manufacturing Activity Improves in May: 4 Stocks to Buy,last year,"Although the reading is far from impressive, the rise in manufacturing activity in May is a sign that the economy is finally making efforts to bounce back."
,,Tata AIG provides you with extensive yet simplified health insurance policies based on your requirements.